{"cameraMode":{"drawMode":0,"name":"Shaded","section":"Shading Mode"},"sceneLighting":true,"audioPlay":false,"sceneViewState":{"showFog":true,"showMaterialUpdate":false,"showSkybox":true,"showFlares":true,"showImageEffects":true,"showParticleSystems":true},"in2DMode":false,"pivot":{"x":0.7754065990447998,"y":-0.3756449222564697,"z":-0.11174440383911133},"rotation":{"x":0.09249243885278702,"y":0.08949381113052368,"z":-0.008352910168468953,"w":0.9916733503341675},"size":4.891999244689941,"orthographic":false}